﻿<?xml version="1.0" encoding="utf-8"?>
<?xml-stylesheet type="text/xsl" href="HiH.xslt"?>
<course>
	<author>
		<name>Mateusz</name>
		<surname>Wieczorek</surname>
	</author>
	<hobbies kind="general-list" >
		<component id="1">
			<topic>Hobbies</topic>
			<theme>Gym</theme>
			<theme>Running</theme>
			<theme>C++</theme>
			<theme>C</theme>
			<theme>Python</theme>
			<score>30</score>
		</component>
	</hobbies>
	<hobbies kind="favourite-hobby" >
		<component id="1">
			<topic>Hobbies</topic>
			<theme>Gym</theme>
			<theme>Running</theme>
			<theme>C++</theme>
			<theme>C</theme>
			<theme>Python</theme>
			<score>30</score>
		</component>
	</hobbies>
	<hobbies kind="hobbies-list" obligatory="yes">
		<component id="1">
			<topic>Sport Activites</topic>
			<theme>Running</theme>
			<theme>Lifting weights</theme>
			<theme>Push ups</theme>
			<theme>Sit ups</theme>
			<score>10</score>
		</component>
		<component id="2">
			<topic>Coding</topic>
			<theme>Learning C++ features</theme>
			<theme>Machine Learning with PyTorch</theme>
			<theme>Learning Linux OS</theme>
			<score>10</score>
		</component>	
	</hobbies>
	<hobbies kind="hobbies-table">
		<component id="1">
			<topic>C++</topic>
			<score>5</score>
		</component>
		<component id="2">
			<topic>Running</topic>
			<score>1</score>
		</component>
		<component id="3">
			<topic>Gym</topic>
			<score>2</score>
		</component>
	</hobbies>
	<hobbies kind="hobbies-ranked">
		<component id="1">
			<topic>Running</topic>
			<score>Love it</score>
		</component>
		<component id="2">
			<topic>Gym</topic>
			<score>Like it</score>
		</component>
		<component id="3">
			<topic>C++</topic>
			<score>Like it</score>
		</component>
	</hobbies>
	<hobbies kind="hobbies-time">
		<component id="1">
			<topic>Running</topic>
			<score>2 years</score>
		</component>
		<component id="2">
			<topic>Gym</topic>
			<score>2 years</score>
		</component>
		<component id="3">
			<topic>C++</topic>
			<score>5 months</score>
		</component>
	</hobbies>
	<hobbies kind="hobbies-future">
		<component id="1">
			<topic>Machine Learning</topic>
			<score>After getting a job as a developer</score>
		</component>
		<component id="2">
			<topic>Tennis</topic>
			<score>When I get rich</score>
		</component>
		<component id="3">
			<topic>Establish company</topic>
			<score>When I will be hardwork enough</score>
		</component>
	</hobbies>
	<library>
		<book>
			<title>Hands on Machine Learning</title>
			<author>Aurelien Geron</author>
			<category>ML</category>
		</book>
		<book>
			<title>Learning Python</title>
			<author>Jakub Marchewka</author>
			<category>Python</category>
		</book>
		<book>
			<title>Learning C++</title>
			<author>Stephen Prata</author>
			<category>C++</category>
		</book>
		<book>
			<title>Python for data analysis</title>
			<author>McKinney</author>
			<category>Data Analysis</category>
		</book>
	</library>
	<information>
		<links>
			<link source="https://github.com/Mateusz-best-creator">Github</link>
			<link source="https://www.w3schools.com/xml/default.asp">XML w3schools</link>
			<link source="https://enauczanie.pg.edu.pl/moodle/">Enauczanie</link>
			<link source="https://docs.python.org/3/">Python Documentation</link>
		</links>
		<media>
			<image1 source="img/running.jpg">running</image1>
			<image2 source="img/python.jpg">Python</image2>
			<image3 source="img/c.png">C</image3>
			<image4 source="img/gym.jpg">gym</image4>
		</media>
	</information>
</course>